Workbook

Sheet Overview
A1: AURION — Effort Estimation v5 (Consolidated)
A2: Mobile + Web Portal + Backend + Infra + Production Rollout. Reconciled 2026-05-22. Claude-Code-Days reflects the autonomous workflow pace (AURION-CODING-WORKFLOW.md), not human-dev pace.
A4: LEGEND
A5: 🟢 Done | B5: Shipped + verified. Commit SHA in Notes column.
A6: 🟡 Verify | B6: Code shipped; needs end-to-end verification before claiming Done.
A7: 🟠 Not Started | B7: MVP scope. 0% built.
A8: 🔴 Blocker | B8: Hard prerequisite for the next phase. Resolve first.
A9: 🔵 In Progress | B9: Partial — some sub-tasks shipped, others pending.
A10: 🟣 Future | B10: Out-of-MVP. Estimated for visibility but not in pilot path.
A13: ROLL-UP BY LANE
A15: Lane | B15: Items | C15: Done | D15: Verify | E15: Not Started | F15: Blocker | G15: Future | H15: Human-Days Remaining | I15: Claude-Days Remaining
A16: Mobile (iOS) | B16: 37 | C16: =COUNTIF('Mobile'!C5:C41,"*Done*") | D16: =COUNTIF('Mobile'!C5:C41,"*Verify*") | E16: =COUNTIF('Mobile'!C5:C41,"*Not Started*") | F16: =COUNTIF('Mobile'!C5:C41,"*Blocker*") | G16: =COUNTIF('Mobile'!C5:C41,"*Future*") | H16: =SUMPRODUCT((NOT(ISNUMBER(SEARCH("Done",'Mobile'!C5:C41))))*(NOT(ISNUMBER(SEARCH("Future",'Mobile'!C5:C41))))*'Mobile'!E5:E41) | I16: =SUMPRODUCT((NOT(ISNUMBER(SEARCH("Done",'Mobile'!C5:C41))))*(NOT(ISNUMBER(SEARCH("Future",'Mobile'!C5:C41))))*'Mobile'!F5:F41)
A17: Web Portal | B17: 27 | C17: =COUNTIF('Web Portal'!C5:C31,"*Done*") | D17: =COUNTIF('Web Portal'!C5:C31,"*Verify*") | E17: =COUNTIF('Web Portal'!C5:C31,"*Not Started*") | F17: =COUNTIF('Web Portal'!C5:C31,"*Blocker*") | G17: =COUNTIF('Web Portal'!C5:C31,"*Future*") | H17: =SUMPRODUCT((NOT(ISNUMBER(SEARCH("Done",'Web Portal'!C5:C31))))*(NOT(ISNUMBER(SEARCH("Future",'Web Portal'!C5:C31))))*'Web Portal'!E5:E31) | I17: =SUMPRODUCT((NOT(ISNUMBER(SEARCH("Done",'Web Portal'!C5:C31))))*(NOT(ISNUMBER(SEARCH("Future",'Web Portal'!C5:C31))))*'Web Portal'!F5:F31)
A18: Backend Services | B18: 44 | C18: =COUNTIF('Backend'!C5:C48,"*Done*") | D18: =COUNTIF('Backend'!C5:C48,"*Verify*") | E18: =COUNTIF('Backend'!C5:C48,"*Not Started*") | F18: =COUNTIF('Backend'!C5:C48,"*Blocker*") | G18: =COUNTIF('Backend'!C5:C48,"*Future*") | H18: =SUMPRODUCT((NOT(ISNUMBER(SEARCH("Done",'Backend'!C5:C48))))*(NOT(ISNUMBER(SEARCH("Future",'Backend'!C5:C48))))*'Backend'!E5:E48) | I18: =SUMPRODUCT((NOT(ISNUMBER(SEARCH("Done",'Backend'!C5:C48))))*(NOT(ISNUMBER(SEARCH("Future",'Backend'!C5:C48))))*'Backend'!F5:F48)
A19: Infrastructure / AWS | B19: 24 | C19: =COUNTIF('Infrastructure'!C5:C28,"*Done*") | D19: =COUNTIF('Infrastructure'!C5:C28,"*Verify*") | E19: =COUNTIF('Infrastructure'!C5:C28,"*Not Started*") | F19: =COUNTIF('Infrastructure'!C5:C28,"*Blocker*") | G19: =COUNTIF('Infrastructure'!C5:C28,"*Future*") | H19: =SUMPRODUCT((NOT(ISNUMBER(SEARCH("Done",'Infrastructure'!C5:C28))))*(NOT(ISNUMBER(SEARCH("Future",'Infrastructure'!C5:C28))))*'Infrastructure'!E5:E28) | I19: =SUMPRODUCT((NOT(ISNUMBER(SEARCH("Done",'Infrastructure'!C5:C28))))*(NOT(ISNUMBER(SEARCH("Future",'Infrastructure'!C5:C28))))*'Infrastructure'!F5:F28)
A20: Production Rollout | B20: 5 | C20: =COUNTIF('Production Rollout'!C5:C9,"*Done*") | D20: =COUNTIF('Production Rollout'!C5:C9,"*Verify*") | E20: =COUNTIF('Production Rollout'!C5:C9,"*Not Started*") | F20: =COUNTIF('Production Rollout'!C5:C9,"*Blocker*") | G20: =COUNTIF('Production Rollout'!C5:C9,"*Future*") | H20: =SUMPRODUCT((NOT(ISNUMBER(SEARCH("Done",'Production Rollout'!C5:C9))))*(NOT(ISNUMBER(SEARCH("Future",'Production Rollout'!C5:C9))))*'Production Rollout'!E5:E9) | I20: =SUMPRODUCT((NOT(ISNUMBER(SEARCH("Done",'Production Rollout'!C5:C9))))*(NOT(ISNUMBER(SEARCH("Future",'Production Rollout'!C5:C9))))*'Production Rollout'!F5:F9)
A21: External Blockers | B21: 8 | C21: =COUNTIF('External'!C5:C12,"*Done*") | D21: =COUNTIF('External'!C5:C12,"*Verify*") | E21: =COUNTIF('External'!C5:C12,"*Not Started*") | F21: =COUNTIF('External'!C5:C12,"*Blocker*") | G21: =COUNTIF('External'!C5:C12,"*Future*") | H21: =SUMPRODUCT((NOT(ISNUMBER(SEARCH("Done",'External'!C5:C12))))*(NOT(ISNUMBER(SEARCH("Future",'External'!C5:C12))))*'External'!E5:E12) | I21: =SUMPRODUCT((NOT(ISNUMBER(SEARCH("Done",'External'!C5:C12))))*(NOT(ISNUMBER(SEARCH("Future",'External'!C5:C12))))*'External'!F5:F12)
A22: GRAND TOTAL | B22: =SUM(B16:B21) | C22: =SUM(C16:C21) | D22: =SUM(D16:D21) | E22: =SUM(E16:E21) | F22: =SUM(F16:F21) | G22: =SUM(G16:G21) | H22: =SUM(H16:H21) | I22: =SUM(I16:I21)
A25: CRITICAL PATH TO PILOT
A26: Backend physician workflow (WB20 → WB21 → WB22 → WB24, serial) | B26: ~6 days
A27: Web frontend physician workflow (W021 → W028 → W029, after backend ready) | B27: ~8 days
A28: Web admin polish + Amplify + Prod Phase 4-5 (parallel) | B28: ~3 days
A29: Tests + go-live gate | B29: ~2 days
A30: iOS polish + Config.swift dev/prod swap | B30: ~1 day
A31: CRITICAL PATH TOTAL (with lane parallelism) | B31: ~13 working days
A33: EXTERNAL BLOCKERS (calendar, NOT engineering)
A34: Apple Dev activation | B34: DONE 2026-05-22
A35: Domain delegation (Cloudflare) + Phase 2 apply | B35: ~1 day
A36: Initial Phase 2 full apply + smoke test | B36: ~1 day
A37: Pilot physician onboarding + TestFlight invites | B37: ~2-3 days
A38: DPIA + consent forms + clinical safety committee sign-off | B38: ~2-4 weeks
A40: Pilot-ready calendar estimate | B40: 5-7 weeks from 2026-05-22 → 2026-06-26 to 2026-07-10
A41: Demo target | B41: 2026-07-15 (~1 week buffer)
A43: CLAUDE-CODE-PACE CONVERSION (observed in this build session)
A44: S (1d human) → 0.1–0.25 Claude-d | B44: Single-file edits, small refactors, config swaps.
A45: M (3d human) → 0.5–0.75 Claude-d | B45: Multi-file refactors, new endpoints, screen scaffolds.
A46: L (8d human) → 1.0–2.0 Claude-d | B46: Cross-cutting features, new modules, integration work.
A47: XL (15-24d human) → 2.5–5.0 Claude-d | B47: Net-new screens with state machine + tests (W028 Visit Workspace is the upper bound).
A48: External blockers (Apple, DNS, IRB, insurance) | B48: No compression. Wall-clock dominated.

Sheet Mobile
A1: MOBILE — iOS App
A2: Lane: Mobile (iOS) · status as-of 2026-05-22
A4: ID | B4: Name / Description | C4: Status | D4: S/M/L/XL | E4: Human-Days (P50) | F4: Claude-Code-Days | G4: Notes / Commit | H4: Pre-requisites
A5: S001 | B5: SplashView | C5: 🟢 Done | D5: S | E5: 1 | F5: 0.25 | G5: Built. UI-P1 token refresh applied. | H5: —
A6: S002 | B6: AuthView + LoginView + RegisterView | C6: 🟢 Done | D6: M | E6: 3 | F6: 0.5 | G6: Built. UI-P6 toast → material. | H6: B001 Auth
A7: S003 | B7: BiometricConsentView | C7: 🟢 Done | D7: S | E7: 1 | F7: 0.25 | G7: biometric_consent_confirmed audit event wired. | H7: —
A8: S004 | B8: VoiceExplanationView | C8: 🟢 Done | D8: S | E8: 1 | F8: 0.25 | G8: Built. | H8: —
A9: S005 | B9: VoiceRecordingView | C9: 🟢 Done | D9: L | E9: 8 | F9: 1.5 | G9: Built (M-01 reconciled embedding dims). Raw audio purged immediately. | H9: —
A10: S006 | B10: VoiceProcessingView | C10: 🟢 Done | D10: M | E10: 3 | F10: 0.5 | G10: 128-dim MFCC → Keychain only. Embedding never transmitted. | H10: S005
A11: S007 | B11: WearableSetupView | C11: 🟢 Done | D11: M | E11: 3 | F11: 0.5 | G11: iPhone fallback path; Ray-Ban Meta deferred. | H11: M019 Meta SDK (deferred)
A12: S008 | B12: OnboardingFlowView | C12: 🟢 Done | D12: M | E12: 3 | F12: 0.5 | G12: Step orchestration + accessibility passes. | H12: S003–S007
A13: S009 | B13: PhysicianProfileSetupView | C13: 🟢 Done | D13: M | E13: 3 | F13: 0.5 | G13: iPad-adaptive (UI-P6). | H13: B002 Profile
A14: S010 | B14: MainTabView | C14: 🟢 Done | D14: S | E14: 1 | F14: 0.25 | G14: UI-P2 native TabView + iPad sidebarAdaptable. | H14: S011, S013, S017
A15: S011 | B15: DashboardView | C15: 🟢 Done | D15: M | E15: 3 | F15: 0.5 | G15: M-07 Stage 2 tile; readable-measure clamp (UI-P6). | H15: B006, B010, M021
A16: S012 | B16: CaptureView | C16: 🟢 Done | D16: XL | E16: 15 | F16: 3 | G16: M-02/M-05/M-06 done. Live Activity start/pause/resume wired (UI-P4b). | H16: Apple Vision, AVFoundation, ReplayKit
... A41: M019 | B41: Ray-Ban Meta SDK | C41: 🟣 Future | D41: XL | E41: 15 | F41: 5 | G41: Deferred post-pilot — pilot ships iPhone/iPad fallback. | H41: Partner SDK access
B43: TOTALS | E43: =SUM(E5:E41) | F43: =SUM(F5:F41)
B44: REMAINING (not 🟢 Done, excl. 🟣 Future) | E44: =SUMPRODUCT((NOT(ISNUMBER(SEARCH("Done", C5:C41)))) * (NOT(ISNUMBER(SEARCH("Future", C5:C41)))) * E5:E41) | F44: =SUMPRODUCT((NOT(ISNUMBER(SEARCH("Done", C5:C41)))) * (NOT(ISNUMBER(SEARCH("Future", C5:C41)))) * F5:F41)

Sheet Web Portal
A1: WEB PORTAL — Admin + Physician
A2: Lane: Web (Next.js) · status as-of 2026-05-22
A4: ID | B4: Name / Description | C4: Status | D4: S/M/L/XL | E4: Human-Days (P50) | F4: Claude-Code-Days | G4: Notes / Commit | H4: Pre-requisites
A5: W001 | B5: Login / Auth (admin portal) | C5: 🟢 Done | D5: S | E5: 1 | F5: 0.25 | G5: Real JWT cookie + role redirect. | H5: B001
A6: W002 | B6: Dashboard — Pilot Metrics Overview | C6: 🟢 Done | D6: M | E6: 3 | F6: 0.5 | G6: Real API + aggregated metrics. | H6: /admin/metrics, /admin/sessions
A7: W003 | B7: Audit Log Viewer | C7: 🟢 Done | D7: M | E7: 3 | F7: 0.5 | G7: DynamoDB stream + CSV export. | H7: Audit log populated
A8: W004 | B8: PHI Masking Report | C8: 🟢 Done | D8: M | E8: 3 | F8: 0.5 | G8: Real API + per-session breakdown. | H8: Comprehend Medical pipeline
A9: W005 | B9: Provider Config Viewer | C9: 🟢 Done | D9: S | E9: 1 | F9: 0.25 | G9: Read-only AppConfig fetch. | H9: AppConfig live
A10: W006 | B10: Session List / Completeness | C10: 🟢 Done | D10: M | E10: 3 | F10: 0.5 | G10: 11-state badge map + specialty filter. | H10: /admin/sessions
A11: W007 | B11: User Management UI | C11: 🟡 Verify | D11: L | E11: 8 | F11: 1 | G11: UI is final. Verify Cognito wiring after P0-06 (commit e7a5a90). Smoke test create/deactivate. | H11: WB14 Cognito AdminUser
A12: W008 | B12: Eval Session List + Score Entry | C12: 🟡 Verify | D12: L | E12: 8 | F12: 1 | G12: UI final. Verify EvalRecordModel persistence after B-08 refactor. | H12: WB13 EvalRecordModel
A13: W009 | B13: Session Detail page | C13: 🟠 Not Started | D13: M | E13: 3 | F13: 0.5 | G13: lib/api.ts has the getter; backend endpoint exists; page itself not built. | H13: WB12 (Done)
A14: W010 | B14: Amplify Deployment + CORS Fix | C14: 🔴 Blocker | D14: M | E14: 5 | F14: 1 | G14: Portal runs localhost:3000 only. No aws_amplify_app in TF. CORS still localhost-only. | H14: —
A15: W011 | B15: Role-Based Navigation (Physician vs Admin) | C15: 🟠 Not Started | D15: M | E15: 4 | F15: 0.5 | G15: Sidebar.tsx hardcoded to admin routes. Two-role guard pattern. | H15: Cognito role claim; W020 landing target
A16: W012 | B16: TypeScript types (Patient/Appt/Visit/Schedule) | C16: 🟠 Not Started | D16: S | E16: 2 | F16: 0.5 | G16: types/index.ts has 18 admin interfaces, zero physician. | H16: WB20–WB22 contracts frozen
... A31: W092 | B31: Advanced Analytics Dashboard | C31: 🟣 Future | D31: L | E31: 8 | F31: 2 | G31: Pilot dashboard adequate. | H31: Chart library selected
B33: TOTALS | E33: =SUM(E5:E31) | F33: =SUM(F5:F31)
B34: REMAINING (not 🟢 Done, excl. 🟣 Future) | E34: =SUMPRODUCT((NOT(ISNUMBER(SEARCH("Done", C5:C31)))) * (NOT(ISNUMBER(SEARCH("Future", C5:C31)))) * E5:E31) | F34: =SUMPRODUCT((NOT(ISNUMBER(SEARCH("Done", C5:C31)))) * (NOT(ISNUMBER(SEARCH("Future", C5:C31)))) * F5:F31)

Sheet Backend
A1: BACKEND SERVICES
A2: Lane: FastAPI · status as-of 2026-05-22
A4: ID | B4: Name / Description | C4: Status | D4: S/M/L/XL | E4: Human-Days (P50) | F4: Claude-Code-Days | G4: Notes / Commit | H4: Pre-requisites
A5: B001 | B5: Auth (api/v1/auth.py) | C5: 🟢 Done | D5: M | E5: 3 | F5: 0.5 | G5: Cognito JWKS + JWT + dev seed (now @dataclass per Q-06). | H5: —
A6: B002 | B6: Profile (api/v1/profile.py) | C6: 🟢 Done | D6: S | E6: 1 | F6: 0.25 | G6: Physician profile CRUD. | H6: —
A7: B003 | B7: Config (api/v1/config.py) | C7: 🟢 Done | D7: S | E7: 1 | F7: 0.25 | G7: Runtime AppConfig. | H7: M008 AppConfig
A8: B004 | B8: Admin (api/v1/admin.py — package split) | C8: 🟢 Done | D8: L | E8: 8 | F8: 1.5 | G8: CQR-4 split into users/sessions/eval/metrics. Cognito wiring now real. | H8: B025 Alembic
A9: B005 | B9: Privacy (api/v1/privacy.py) | C9: 🟢 Done | D9: M | E9: 3 | F9: 0.5 | G9: PHI masking report + DSAR purge. | H9: B018
A10: B006 | B10: Sessions (api/v1/sessions.py) | C10: 🟢 Done | D10: L | E10: 8 | F10: 1.5 | G10: 10-state lifecycle + paper-consent metadata. | H10: B021
A11: B007 | B11: Transcription (api/v1/transcription.py) | C11: 🟢 Done | D11: XL | E11: 15 | F11: 2.5 | G11: Whisper / AssemblyAI via registry + speaker tags + Stage 1 SLA. | H11: B015, M001
A12: B008 | B12: Frames (api/v1/frames.py) | C12: 🟢 Done | D12: M | E12: 3 | F12: 0.5 | G12: MaskingProof required on upload. | H12: B018
A13: B009 | B13: Screen (api/v1/screen.py) | C13: 🟢 Done | D13: L | E13: 8 | F13: 1.5 | G13: B-05 + M-08 vertical slice. | H13: B010, B019, M011
A14: B010 | B14: Notes (api/v1/notes.py) | C14: 🟢 Done | D14: XL | E14: 15 | F14: 2.5 | G14: Stage 1/2 + approve-stage1 async dispatch (M-09, M-10, B-06). | H14: B011, B022, B023
A15: B011 | B15: Vision (api/v1/vision.py) | C15: 🟢 Done | D15: XL | E15: 15 | F15: 2.5 | G15: Stage 2 captioning + conflict detection. | H15: B016 vision providers
A16: B012 | B16: Export (api/v1/export.py) | C16: 🟢 Done | D16: M | E16: 3 | F16: 0.5 | G16: On-device + audit endpoint (B-09). | H16: B020 Cleanup
... A48: WB91 | B48: Billing Workflow API | C48: 🟣 Future | D48: L | E48: 8 | F48: 3 | G48: Post-pilot. | H48: Billing rules + payer integration
B50: TOTALS | E50: =SUM(E5:E48) | F50: =SUM(F5:F48)
B51: REMAINING (not 🟢 Done, excl. 🟣 Future) | E51: =SUMPRODUCT((NOT(ISNUMBER(SEARCH("Done", C5:C48)))) * (NOT(ISNUMBER(SEARCH("Future", C5:C48)))) * E5:E48) | F51: =SUMPRODUCT((NOT(ISNUMBER(SEARCH("Done", C5:C48)))) * (NOT(ISNUMBER(SEARCH("Future", C5:C48)))) * F5:F48)

Sheet Infrastructure
A1: INFRASTRUCTURE & AWS
A2: Lane: Terraform/AWS · status as-of 2026-05-22
A4: ID | B4: Name / Description | C4: Status | D4: S/M/L/XL | E4: Human-Days (P50) | F4: Claude-Code-Days | G4: Notes / Commit | H4: Pre-requisites
A5: M001 | B5: OpenAI Whisper | C5: 🟢 Done | D5: M | E5: 3 | F5: 0 | G5: API via Secrets Manager. | H5: M013
A6: M002 | B6: AssemblyAI | C6: 🟢 Done | D6: M | E6: 3 | F6: 0 | G6: Selected via AppConfig. | H6: M013
A7: M003 | B7: OpenAI GPT-4o (note gen + Stage 2) | C7: 🟢 Done | D7: M | E7: 3 | F7: 0 | G7: Default per docker-compose. | H7: B015
A8: M004 | B8: Anthropic Claude Sonnet 4 | C8: 🟢 Done | D8: M | E8: 3 | F8: 0 | G8: Note + vision. | H8: B015, B016
A9: M005 | B9: Google Gemini 2.5 Flash | C9: 🟢 Done | D9: M | E9: 3 | F9: 0 | G9: Eval comparisons; truncates long JSON. | H9: B015, B016
A10: M006 | B10: AWS S3 (audio/frames/eval/export) | C10: 🟢 Done | D10: M | E10: 3 | F10: 0 | G10: KMS-encrypted, public blocked, lifecycle. | H10: M010 KMS
A11: M007 | B11: AWS DynamoDB (audit log) | C11: 🟢 Done | D11: M | E11: 3 | F11: 0 | G11: Append-only + PITR + deletion protection. | H11: —
A12: M008 | B12: AWS AppConfig | C12: 🟢 Done | D12: M | E12: 3 | F12: 0 | G12: 30s polling + schema validation. | H12: —
A13: M009 | B13: AWS Cognito | C13: 🟢 Done | D13: M | E13: 3 | F13: 0 | G13: JWT via JWKS. | H13: B026
A14: M010 | B14: AWS KMS | C14: 🟢 Done | D14: S | E14: 1 | F14: 0 | G14: All-services encryption. | H14: —
A15: M011 | B15: AWS Textract (screen OCR) | C15: 🟢 Done | D15: M | E15: 3 | F15: 0 | G15: On-device redact runs first. | H15: —
A16: M012 | B16: AWS Comprehend Medical (PHI scan) | C16: 🟢 Done | D16: M | E16: 3 | F16: 0 | G16: Audit on every hit. | H16: —
... A28: WM10 | B28: AWS Amplify — web portal hosting | C28: 🔴 Blocker | D28: M | E28: 4 | F28: 1 | G28: No aws_amplify_app in TF. Bundled into Prod Phase 4 work. | H28: W010
B30: TOTALS | E30: =SUM(E5:E28) | F30: =SUM(F5:F28)
B31: REMAINING (not 🟢 Done, excl. 🟣 Future) | E31: =SUMPRODUCT((NOT(ISNUMBER(SEARCH("Done", C5:C28)))) * (NOT(ISNUMBER(SEARCH("Future", C5:C28)))) * E5:E28) | F31: =SUMPRODUCT((NOT(ISNUMBER(SEARCH("Done", C5:C28)))) * (NOT(ISNUMBER(SEARCH("Future", C5:C28)))) * F5:F28)

Sheet Production Rollout
A1: PRODUCTION ROLLOUT (5 phases)
A2: Lane: Terraform/CI · status as-of 2026-05-22
A4: ID | B4: Name / Description | C4: Status | D4: S/M/L/XL | E4: Human-Days (P50) | F4: Claude-Code-Days | G4: Notes / Commit | H4: Pre-requisites
A5: P1 | B5: Phase 1 — State bootstrap (S3 + DDB + KMS) | C5: 🟢 Done | D5: S | E5: 0.5 | F5: 0.25 | G5: bootstrap/ module applied to dev (commit cd40d3d). Account 366034225426. | H5: —
A6: P2 | B6: Phase 2 — TLS + DNS + WAF + SHA-pin | C6: 🔵 In Progress | D6: M | E6: 1.5 | F6: 1 | G6: Code shipped (commit 352cc56). Route53 zone created. BLOCKED on Cloudflare DNS choice (A/B/C). | H6: P1
A7: P3 | B7: Phase 3 — GitHub Actions CI/CD with OIDC | C7: 🟢 Done | D7: M | E7: 1 | F7: 0.5 | G7: Workflows + IAM OIDC trust shipped (commit 2a0fd11). Awaits secrets after P2 apply. | H7: P1
A8: P4 | B8: Phase 4 — Cognito MFA + SNS + alarms + CloudTrail + Flow Logs + KMS rotation | C8: 🟠 Not Started | D8: M | E8: 1.5 | F8: 1 | G8: Includes 5 missing operational alarms, SNS topic, GuardDuty enable. | H8: P2
A9: P5 | B9: Phase 5 — Runbooks + IAM Identity Center + backup-restore drill | C9: 🟠 Not Started | D9: M | E9: 1 | F9: 1.5 | G9: Mostly markdown + 1 IAM rework. Pre-pilot human-gated. | H9: P4
B11: TOTALS | E11: =SUM(E5:E9) | F11: =SUM(F5:F9)
B12: REMAINING (not 🟢 Done, excl. 🟣 Future) | E12: =SUMPRODUCT((NOT(ISNUMBER(SEARCH("Done", C5:C9)))) * (NOT(ISNUMBER(SEARCH("Future", C5:C9)))) * E5:E9) | F12: =SUMPRODUCT((NOT(ISNUMBER(SEARCH("Done", C5:C9)))) * (NOT(ISNUMBER(SEARCH("Future", C5:C9)))) * F5:F9)

Sheet External
A1: EXTERNAL BLOCKERS (non-engineering)
A2: Lane: External · status as-of 2026-05-22
A4: ID | B4: Name / Description | C4: Status | D4: S/M/L/XL | E4: Human-Days (P50) | F4: Claude-Code-Days | G4: Notes / Commit | H4: Pre-requisites
A5: EXT-01 | B5: Apple Developer Program activation | C5: 🟢 Done | D5: — | E5: 0 | F5: 0 | G5: Active 2026-05-22. Unblocks TestFlight, App IDs, Live Activity push (if added). | H5: —
A6: EXT-02 | B6: Cloudflare DNS delegation decision | C6: 🔴 Blocker | D6: — | E6: 0 | F6: 0 | G6: Three paths on the table (manual records / subdomain delegation / Cloudflare TF provider). Recommend subdomain delegation. | H6: —
A7: EXT-03 | B7: First Phase 2 full apply against dev | C7: 🟠 Not Started | D7: — | E7: 0 | F7: 0 | G7: ~15-20 min compute + ~5 min cert validation post-DNS delegation. | H7: EXT-02
A8: EXT-04 | B8: TestFlight initial build review | C8: 🟠 Not Started | D8: — | E8: 0 | F8: 0 | G8: Apple reviews first build before internal testers can install. 24-48h. | H8: fastlane bootstrap; first iOS push
A9: EXT-05 | B9: Cognito MFA enrollment by pilot physicians | C9: 🟠 Not Started | D9: — | E9: 0 | F9: 0 | G9: ~5 min per physician via Cognito hosted UI. | H9: P4 (MFA enable)
A10: EXT-06 | B10: DPIA + consent forms + clinical safety committee sign-off | C10: 🔴 Blocker | D10: — | E10: 0 | F10: 0 | G10: NON-ENGINEERING. 2-4 weeks of calendar depending on pilot site's IRB/QI committee cadence. | H10: —
A11: EXT-07 | B11: Cyber insurance + Business Associate Agreements (if applicable) | C11: 🔴 Blocker | D11: — | E11: 0 | F11: 0 | G11: NON-ENGINEERING. Weeks. Required before live PHI. | H11: —
A12: EXT-08 | B12: Pilot consent + recruitment of 3-5 physicians | C12: 🟠 Not Started | D12: — | E12: 0 | F12: 0 | G12: Dr. Perry + Dr. Marie confirmed. Other 1-3 pending. | H12: —
B14: TOTALS | E14: =SUM(E5:E12) | F14: =SUM(F5:F12)
B15: REMAINING (not 🟢 Done, excl. 🟣 Future) | E15: =SUMPRODUCT((NOT(ISNUMBER(SEARCH("Done", C5:C12)))) * (NOT(ISNUMBER(SEARCH("Future", C5:C12)))) * E5:E12) | F15: =SUMPRODUCT((NOT(ISNUMBER(SEARCH("Done", C5:C12)))) * (NOT(ISNUMBER(SEARCH("Future", C5:C12)))) * F5:F12)
