Workbook

Sheet Instructions
A1: MVP Solution Architecture & Effort Sizing — Instructions
B3: Purpose | C3: This workbook captures the solution architecture for an MVP and produces an effort estimate based on a single developer's inventory. Fill the yellow cells. Green cells calculate automatically. The Effort Summary sheet rolls up totals.
B4: How to use | C4: 1. Fill the Project Info sheet (project name, dates, demo target). 2. List every Screen on the Screens sheet — purpose, functionality, current vs target state. 3. List every Backend Service / API on the Backend Services sheet. 4. List every Microservice and Integration on the Microservices & Integrations sheet. 5. For each item, set Status and Complexity. Estimated Days auto-fills from Complexity. 6. Override the Estimated Days column manually whenever you have a better number. 7. Review the Effort Summary sheet — it aggregates the entire workbook.
B5: Color legend
B6: Yellow | C6: Input cell — fill this in.
B7: Green | C7: Calculated — formula will fill it for you.
B9: Status values | C9: Not Started • In Progress • Blocked • Done Use the dropdown in the Status column.
B10: Complexity scale | C10: S = Small, ~1 dev-day (trivial change, simple CRUD endpoint, basic screen) M = Medium, ~3 dev-days (standard feature with some logic) L = Large, ~8 dev-days (multi-component feature, non-trivial integration) XL = X-Large, ~15 dev-days (new service, complex flow, heavy unknowns) These defaults are conservative for a single developer. Override the Estimated Days column whenever you have a better number from a spike or prior experience.
B12: Tip | C12: If a row represents work that is already Done, set Status = Done. Done items are excluded from the 'Remaining' totals on the Effort Summary so you can see exactly how much is left to reach the demo.

Sheet Project Info
A1: Project Information
B3: Project / MVP name
B4: Developer (owner)
B5: Today's date
B6: Target demo date
B7: Working days available
B8: Demo audience / stakeholder
B9: Primary business goal
B10: In-scope for demo (one line)
B11: Explicitly out-of-scope
B12: Tech stack (frontend)
B13: Tech stack (backend)
B14: Hosting / infra
B15: Known risks / unknowns
A17: Current State → Target State (high-level narrative)
B18: Current state
B19: Target state for demo
B20: Gap (what must be built)

Sheet Effort Summary
A1: Effort Summary — Rolled Up
A3: Area | B3: Items planned | C3: Items done | D3: Total effort (days) | E3: Remaining (days) | F3: % remaining | G3: % remaining
B4: Screens | C4: =COUNTA(Screens!B4:B28) -> 0 | D4: =COUNTIF(Screens!K4:K28,"Done") -> 0 | E4: =Screens!O30 -> 0 | F4: =Screens!O31 -> 0 | G4: =IF(E4=0,0,F4/E4) -> 0
B5: Backend Services | C5: =COUNTA('Backend Services'!B4:B33) -> 0 | D5: =COUNTIF('Backend Services'!L4:L33,"Done") -> 0 | E5: ='Backend Services'!P35 -> 0 | F5: ='Backend Services'!P36 -> 0 | G5: =IF(E5=0,0,F5/E5) -> 0
B6: Microservices & Integrations | C6: =COUNTA('Microservices & Integrations'!B4:B28) -> 0 | D6: =COUNTIF('Microservices & Integrations'!M4:M28,"Done") -> 0 | E6: ='Microservices & Integrations'!Q30 -> 0 | F6: ='Microservices & Integrations'!Q31 -> 0 | G6: =IF(E6=0,0,F6/E6) -> 0
B8: GRAND TOTAL | C8: =SUM(C4:C6) -> 0 | D8: =SUM(D4:D6) -> 0 | E8: =SUM(E4:E6) -> 0 | F8: =SUM(F4:F6) -> 0 | G8: =IF(E8=0,0,F8/E8) -> 0
A10: Calendar conversion
B11: Buffer / contingency % | C11: 0.2 | D11: default 20% — edit to your taste
B12: Productive days / week | C12: 4 | D12: meetings/email eat the rest
B14: Remaining effort (days) | C14: =F8 -> 0
B15: With buffer (days) | C15: =C14*(1+C11) -> 0
B16: Calendar weeks needed | C16: =IF(C12=0,0,C15/C12) -> 0
B18: Note: All numbers on this sheet are formulas pulling from the other tabs. Update the source sheets and these totals update automatically.

Sheet Screens
A1: Screens — UI Inventory
A3: ID | B3: Screen Name | C3: User / Role | D3: Purpose | E3: Key Functionality (bullets) | F3: Inputs / Data shown | G3: Backend services it calls | H3: Current State | I3: Target State for Demo | J3: Priority | K3: Status | L3: Complexity | M3: Estimated Days | N3: Manual Override (Days) | O3: Effective Days | P3: Dependencies | Q3: Risks / Open Questions | R3: Notes
A4: S001 | M4: =IF(L4="S",1,IF(L4="M",3,IF(L4="L",8,IF(L4="XL",15,0)))) -> 0 | O4: =IF(ISNUMBER(N4),N4,IF(ISNUMBER(M4),M4,0)) -> 0
A5: S002 | M5: =IF(L5="S",1,IF(L5="M",3,IF(L5="L",8,IF(L5="XL",15,0)))) -> 0 | O5: =IF(ISNUMBER(N5),N5,IF(ISNUMBER(M5),M5,0)) -> 0
A6: S003 | M6: =IF(L6="S",1,IF(L6="M",3,IF(L6="L",8,IF(L6="XL",15,0)))) -> 0 | O6: =IF(ISNUMBER(N6),N6,IF(ISNUMBER(M6),M6,0)) -> 0
A7: S004 | M7: =IF(L7="S",1,IF(L7="M",3,IF(L7="L",8,IF(L7="XL",15,0)))) -> 0 | O7: =IF(ISNUMBER(N7),N7,IF(ISNUMBER(M7),M7,0)) -> 0
A8: S005 | M8: =IF(L8="S",1,IF(L8="M",3,IF(L8="L",8,IF(L8="XL",15,0)))) -> 0 | O8: =IF(ISNUMBER(N8),N8,IF(ISNUMBER(M8),M8,0)) -> 0
A9: S006 | M9: =IF(L9="S",1,IF(L9="M",3,IF(L9="L",8,IF(L9="XL",15,0)))) -> 0 | O9: =IF(ISNUMBER(N9),N9,IF(ISNUMBER(M9),M9,0)) -> 0
A10: S007 | M10: =IF(L10="S",1,IF(L10="M",3,IF(L10="L",8,IF(L10="XL",15,0)))) -> 0 | O10: =IF(ISNUMBER(N10),N10,IF(ISNUMBER(M10),M10,0)) -> 0
A11: S008 | M11: =IF(L11="S",1,IF(L11="M",3,IF(L11="L",8,IF(L11="XL",15,0)))) -> 0 | O11: =IF(ISNUMBER(N11),N11,IF(ISNUMBER(M11),M11,0)) -> 0
A12: S009 | M12: =IF(L12="S",1,IF(L12="M",3,IF(L12="L",8,IF(L12="XL",15,0)))) -> 0 | O12: =IF(ISNUMBER(N12),N12,IF(ISNUMBER(M12),M12,0)) -> 0
A13: S010 | M13: =IF(L13="S",1,IF(L13="M",3,IF(L13="L",8,IF(L13="XL",15,0)))) -> 0 | O13: =IF(ISNUMBER(N13),N13,IF(ISNUMBER(M13),M13,0)) -> 0
A14: S011 | M14: =IF(L14="S",1,IF(L14="M",3,IF(L14="L",8,IF(L14="XL",15,0)))) -> 0 | O14: =IF(ISNUMBER(N14),N14,IF(ISNUMBER(M14),M14,0)) -> 0
A15: S012 | M15: =IF(L15="S",1,IF(L15="M",3,IF(L15="L",8,IF(L15="XL",15,0)))) -> 0 | O15: =IF(ISNUMBER(N15),N15,IF(ISNUMBER(M15),M15,0)) -> 0
... A28: S025 | M28: =IF(L28="S",1,IF(L28="M",3,IF(L28="L",8,IF(L28="XL",15,0)))) -> 0 | O28: =IF(ISNUMBER(N28),N28,IF(ISNUMBER(M28),M28,0)) -> 0
L30: TOTAL (days) | M30: =SUM(M4:M28) -> 0 | O30: =SUM(O4:O28) -> 0
L31: REMAINING (days, excl. Done) | O31: =SUMIFS(O4:O28,K4:K28,"<>Done") -> 0

Sheet Backend Services
A1: Backend Services & APIs
A3: ID | B3: Service / Module Name | C3: Type | D3: Purpose | E3: Endpoints / Functions (list) | F3: Data model / entities | G3: Data store | H3: Auth required? | I3: Current State | J3: Target State for Demo | K3: Priority | L3: Status | M3: Complexity | N3: Estimated Days | O3: Manual Override (Days) | P3: Effective Days | Q3: Dependencies | R3: Risks / Open Questions | S3: Notes
A4: B001 | N4: =IF(M4="S",1,IF(M4="M",3,IF(M4="L",8,IF(M4="XL",15,0)))) -> 0 | P4: =IF(ISNUMBER(O4),O4,IF(ISNUMBER(N4),N4,0)) -> 0
A5: B002 | N5: =IF(M5="S",1,IF(M5="M",3,IF(M5="L",8,IF(M5="XL",15,0)))) -> 0 | P5: =IF(ISNUMBER(O5),O5,IF(ISNUMBER(N5),N5,0)) -> 0
A6: B003 | N6: =IF(M6="S",1,IF(M6="M",3,IF(M6="L",8,IF(M6="XL",15,0)))) -> 0 | P6: =IF(ISNUMBER(O6),O6,IF(ISNUMBER(N6),N6,0)) -> 0
A7: B004 | N7: =IF(M7="S",1,IF(M7="M",3,IF(M7="L",8,IF(M7="XL",15,0)))) -> 0 | P7: =IF(ISNUMBER(O7),O7,IF(ISNUMBER(N7),N7,0)) -> 0
A8: B005 | N8: =IF(M8="S",1,IF(M8="M",3,IF(M8="L",8,IF(M8="XL",15,0)))) -> 0 | P8: =IF(ISNUMBER(O8),O8,IF(ISNUMBER(N8),N8,0)) -> 0
A9: B006 | N9: =IF(M9="S",1,IF(M9="M",3,IF(M9="L",8,IF(M9="XL",15,0)))) -> 0 | P9: =IF(ISNUMBER(O9),O9,IF(ISNUMBER(N9),N9,0)) -> 0
A10: B007 | N10: =IF(M10="S",1,IF(M10="M",3,IF(M10="L",8,IF(M10="XL",15,0)))) -> 0 | P10: =IF(ISNUMBER(O10),O10,IF(ISNUMBER(N10),N10,0)) -> 0
A11: B008 | N11: =IF(M11="S",1,IF(M11="M",3,IF(M11="L",8,IF(M11="XL",15,0)))) -> 0 | P11: =IF(ISNUMBER(O11),O11,IF(ISNUMBER(N11),N11,0)) -> 0
A12: B009 | N12: =IF(M12="S",1,IF(M12="M",3,IF(M12="L",8,IF(M12="XL",15,0)))) -> 0 | P12: =IF(ISNUMBER(O12),O12,IF(ISNUMBER(N12),N12,0)) -> 0
A13: B010 | N13: =IF(M13="S",1,IF(M13="M",3,IF(M13="L",8,IF(M13="XL",15,0)))) -> 0 | P13: =IF(ISNUMBER(O13),O13,IF(ISNUMBER(N13),N13,0)) -> 0
A14: B011 | N14: =IF(M14="S",1,IF(M14="M",3,IF(M14="L",8,IF(M14="XL",15,0)))) -> 0 | P14: =IF(ISNUMBER(O14),O14,IF(ISNUMBER(N14),N14,0)) -> 0
A15: B012 | N15: =IF(M15="S",1,IF(M15="M",3,IF(M15="L",8,IF(M15="XL",15,0)))) -> 0 | P15: =IF(ISNUMBER(O15),O15,IF(ISNUMBER(N15),N15,0)) -> 0
... A33: B030 | N33: =IF(M33="S",1,IF(M33="M",3,IF(M33="L",8,IF(M33="XL",15,0)))) -> 0 | P33: =IF(ISNUMBER(O33),O33,IF(ISNUMBER(N33),N33,0)) -> 0
M35: TOTAL (days) | N35: =SUM(N4:N33) -> 0 | P35: =SUM(P4:P33) -> 0
M36: REMAINING (days, excl. Done) | P36: =SUMIFS(P4:P33,L4:L33,"<>Done") -> 0

Sheet Microservices & Integrations
A1: Microservices, Wiring & Integrations
A3: ID | B3: Component / Integration Name | C3: Kind | D3: Purpose | E3: From (consumer) | F3: To (provider) | G3: Protocol / Transport | H3: External? (3rd party) | I3: Auth / Secrets needed | J3: Current State | K3: Target State for Demo | L3: Priority | M3: Status | N3: Complexity | O3: Estimated Days | P3: Manual Override (Days) | Q3: Effective Days | R3: Dependencies | S3: Risks / Open Questions | T3: Notes
A4: M001 | O4: =IF(N4="S",1,IF(N4="M",3,IF(N4="L",8,IF(N4="XL",15,0)))) -> 0 | Q4: =IF(ISNUMBER(P4),P4,IF(ISNUMBER(O4),O4,0)) -> 0
A5: M002 | O5: =IF(N5="S",1,IF(N5="M",3,IF(N5="L",8,IF(N5="XL",15,0)))) -> 0 | Q5: =IF(ISNUMBER(P5),P5,IF(ISNUMBER(O5),O5,0)) -> 0
A6: M003 | O6: =IF(N6="S",1,IF(N6="M",3,IF(N6="L",8,IF(N6="XL",15,0)))) -> 0 | Q6: =IF(ISNUMBER(P6),P6,IF(ISNUMBER(O6),O6,0)) -> 0
A7: M004 | O7: =IF(N7="S",1,IF(N7="M",3,IF(N7="L",8,IF(N7="XL",15,0)))) -> 0 | Q7: =IF(ISNUMBER(P7),P7,IF(ISNUMBER(O7),O7,0)) -> 0
A8: M005 | O8: =IF(N8="S",1,IF(N8="M",3,IF(N8="L",8,IF(N8="XL",15,0)))) -> 0 | Q8: =IF(ISNUMBER(P8),P8,IF(ISNUMBER(O8),O8,0)) -> 0
A9: M006 | O9: =IF(N9="S",1,IF(N9="M",3,IF(N9="L",8,IF(N9="XL",15,0)))) -> 0 | Q9: =IF(ISNUMBER(P9),P9,IF(ISNUMBER(O9),O9,0)) -> 0
A10: M007 | O10: =IF(N10="S",1,IF(N10="M",3,IF(N10="L",8,IF(N10="XL",15,0)))) -> 0 | Q10: =IF(ISNUMBER(P10),P10,IF(ISNUMBER(O10),O10,0)) -> 0
A11: M008 | O11: =IF(N11="S",1,IF(N11="M",3,IF(N11="L",8,IF(N11="XL",15,0)))) -> 0 | Q11: =IF(ISNUMBER(P11),P11,IF(ISNUMBER(O11),O11,0)) -> 0
A12: M009 | O12: =IF(N12="S",1,IF(N12="M",3,IF(N12="L",8,IF(N12="XL",15,0)))) -> 0 | Q12: =IF(ISNUMBER(P12),P12,IF(ISNUMBER(O12),O12,0)) -> 0
A13: M010 | O13: =IF(N13="S",1,IF(N13="M",3,IF(N13="L",8,IF(N13="XL",15,0)))) -> 0 | Q13: =IF(ISNUMBER(P13),P13,IF(ISNUMBER(O13),O13,0)) -> 0
A14: M011 | O14: =IF(N14="S",1,IF(N14="M",3,IF(N14="L",8,IF(N14="XL",15,0)))) -> 0 | Q14: =IF(ISNUMBER(P14),P14,IF(ISNUMBER(O14),O14,0)) -> 0
A15: M012 | O15: =IF(N15="S",1,IF(N15="M",3,IF(N15="L",8,IF(N15="XL",15,0)))) -> 0 | Q15: =IF(ISNUMBER(P15),P15,IF(ISNUMBER(O15),O15,0)) -> 0
... A28: M025 | O28: =IF(N28="S",1,IF(N28="M",3,IF(N28="L",8,IF(N28="XL",15,0)))) -> 0 | Q28: =IF(ISNUMBER(P28),P28,IF(ISNUMBER(O28),O28,0)) -> 0
N30: TOTAL (days) | O30: =SUM(O4:O28) -> 0 | Q30: =SUM(Q4:Q28) -> 0
N31: REMAINING (days, excl. Done) | Q31: =SUMIFS(Q4:Q28,M4:M28,"<>Done") -> 0
